{"cameraMode":{"drawMode":1,"name":"Wireframe","section":"Shading Mode"},"sceneLighting":true,"audioPlay":false,"sceneViewState":{"showFog":true,"showMaterialUpdate":true,"showSkybox":true,"showFlares":true,"showImageEffects":true,"showParticleSystems":true},"in2DMode":false,"pivot":{"x":5.9705705642700199,"y":-2.8483543395996095,"z":-9.51376724243164},"rotation":{"x":-0.02305520325899124,"y":-0.9679284691810608,"z":0.09672620892524719,"w":-0.23070959746837617},"size":27.377721786499025,"orthographic":false}