{"cameraMode":{"drawMode":0,"name":"Shaded","section":"Shading Mode"},"sceneLighting":false,"audioPlay":false,"sceneViewState":{"showFog":true,"showMaterialUpdate":false,"showSkybox":true,"showFlares":true,"showImageEffects":true,"showParticleSystems":true},"in2DMode":false,"pivot":{"x":-4.643492698669434,"y":1.345920443534851,"z":-6.040712833404541},"rotation":{"x":0.0024504519533365967,"y":0.9959591627120972,"z":0.028690576553344728,"w":-0.08506644517183304},"size":1.0990465879440308,"orthographic":false}