{"cameraMode":{"drawMode":0,"name":"Shaded","section":"Shading Mode"},"sceneLighting":true,"audioPlay":false,"sceneViewState":{"showFog":false,"showMaterialUpdate":false,"showSkybox":false,"showFlares":false,"showImageEffects":false,"showParticleSystems":false},"in2DMode":false,"pivot":{"x":-7.571906089782715,"y":2.091010093688965,"z":9.354293823242188},"rotation":{"x":-0.11467796564102173,"y":0.35290834307670596,"z":-0.04362954944372177,"w":-0.9275781512260437},"size":3.0624303817749025,"orthographic":false}