{"cameraMode":{"drawMode":0,"name":"Shaded","section":"Shading Mode"},"sceneLighting":true,"audioPlay":false,"sceneViewState":{"showFog":false,"showMaterialUpdate":false,"showSkybox":false,"showFlares":false,"showImageEffects":false,"showParticleSystems":false},"in2DMode":false,"pivot":{"x":1.7887794971466065,"y":1.4008699655532838,"z":31.499597549438478},"rotation":{"x":-0.016546377912163736,"y":-0.7240786552429199,"z":0.017381243407726289,"w":-0.6892998218536377},"size":1.564188003540039,"orthographic":false}