{"cameraMode":{"drawMode":0,"name":"Shaded","section":"Shading Mode"},"sceneLighting":false,"audioPlay":false,"sceneViewState":{"showFog":true,"showMaterialUpdate":false,"showSkybox":true,"showFlares":true,"showImageEffects":true,"showParticleSystems":true},"in2DMode":false,"pivot":{"x":-7.9991912841796879,"y":-14.207422256469727,"z":63.70649719238281},"rotation":{"x":0.10763131082057953,"y":0.17208777368068696,"z":-0.01891923137009144,"w":0.9790012240409851},"size":80.02074432373047,"orthographic":false}