{"cameraMode":{"drawMode":0,"name":"Shaded","section":"Shading Mode"},"sceneLighting":false,"audioPlay":false,"sceneViewState":{"showFog":false,"showMaterialUpdate":false,"showSkybox":false,"showFlares":false,"showImageEffects":false,"showParticleSystems":false},"in2DMode":false,"pivot":{"x":-46.04545211791992,"y":25.43585968017578,"z":-60.31972122192383},"rotation":{"x":0.14581871032714845,"y":0.21640458703041078,"z":-0.03270924836397171,"w":0.9647985100746155},"size":4.562430381774902,"orthographic":false}