{"cameraMode":{"drawMode":0,"name":"Shaded","section":"Shading Mode"},"sceneLighting":true,"audioPlay":false,"sceneViewState":{"showFog":true,"showMaterialUpdate":false,"showSkybox":true,"showFlares":true,"showImageEffects":true,"showParticleSystems":true},"in2DMode":false,"pivot":{"x":15.075543403625489,"y":0.6169655919075012,"z":5.783299446105957},"rotation":{"x":-0.002273302525281906,"y":-0.9977260231971741,"z":0.04822772368788719,"w":-0.047029200941324237},"size":8.167466163635254,"orthographic":true}