{"cameraMode":{"drawMode":0,"name":"Shaded","section":"Shading Mode"},"sceneLighting":false,"audioPlay":false,"sceneViewState":{"showFog":false,"showMaterialUpdate":false,"showSkybox":false,"showFlares":false,"showImageEffects":false,"showParticleSystems":false},"in2DMode":false,"pivot":{"x":16.195796966552736,"y":0.6782444715499878,"z":15.549721717834473},"rotation":{"x":-0.026022182777523996,"y":-0.8893793225288391,"z":0.051026031374931338,"w":-0.45356765389442446},"size":13.158967018127442,"orthographic":false}