{"cameraMode":{"drawMode":0,"name":"Shaded","section":"Shading Mode"},"sceneLighting":true,"audioPlay":false,"sceneViewState":{"showFog":true,"showMaterialUpdate":true,"showSkybox":true,"showFlares":true,"showImageEffects":true,"showParticleSystems":true},"in2DMode":false,"pivot":{"x":-5.652414798736572,"y":2.3158226013183595,"z":-8.99256706237793},"rotation":{"x":0.0012615296291187406,"y":0.9981740117073059,"z":-0.02246275544166565,"w":0.05605826899409294},"size":6.317562103271484,"orthographic":false}