{"cameraMode":{"drawMode":0,"name":"Shaded","section":"Shading Mode"},"sceneLighting":false,"audioPlay":false,"sceneViewState":{"showFog":false,"showMaterialUpdate":false,"showSkybox":false,"showFlares":false,"showImageEffects":false,"showParticleSystems":false},"in2DMode":false,"pivot":{"x":11.212579727172852,"y":2.6378166675567629,"z":20.9484806060791},"rotation":{"x":-0.007490180432796478,"y":-0.0509764663875103,"z":0.000382330734282732,"w":-0.9986717104911804},"size":2.3069348335266115,"orthographic":false}