{"cameraMode":{"drawMode":0,"name":"Shaded","section":"Shading Mode"},"sceneLighting":true,"audioPlay":false,"sceneViewState":{"showFog":true,"showMaterialUpdate":false,"showSkybox":true,"showFlares":true,"showImageEffects":true,"showParticleSystems":true},"in2DMode":false,"pivot":{"x":-4.063188552856445,"y":-2.2337799072265627,"z":-5.992975234985352},"rotation":{"x":0.17370828986167909,"y":-0.20370374619960786,"z":0.03675230219960213,"w":0.9627977609634399},"size":1472.599365234375,"orthographic":false}