{"cameraMode":{"drawMode":0,"name":"Shaded","section":"Shading Mode"},"sceneLighting":false,"audioPlay":false,"sceneViewState":{"showFog":false,"showMaterialUpdate":false,"showSkybox":false,"showFlares":false,"showImageEffects":false,"showParticleSystems":false},"in2DMode":false,"pivot":{"x":-0.3278658390045166,"y":-0.2985677719116211,"z":31.857582092285158},"rotation":{"x":0.297126829624176,"y":-0.43823835253715517,"z":0.15616168081760407,"w":0.8338323831558228},"size":5.7340087890625,"orthographic":false}