{"cameraMode":{"drawMode":0,"name":"Shaded","section":"Shading Mode"},"sceneLighting":false,"audioPlay":false,"sceneViewState":{"showFog":false,"showMaterialUpdate":false,"showSkybox":false,"showFlares":false,"showImageEffects":false,"showParticleSystems":false},"in2DMode":false,"pivot":{"x":4.269791126251221,"y":2.0738847255706789,"z":28.347578048706056},"rotation":{"x":0.054771341383457187,"y":0.7644202709197998,"z":-0.06551764160394669,"w":0.6390377879142761},"size":0.7993790507316589,"orthographic":false}