{"cameraMode":{"drawMode":0,"name":"Shaded","section":"Shading Mode"},"sceneLighting":false,"audioPlay":false,"sceneViewState":{"showFog":true,"showMaterialUpdate":false,"showSkybox":true,"showFlares":true,"showImageEffects":true,"showParticleSystems":true},"in2DMode":false,"pivot":{"x":11.048198699951172,"y":0.2585805654525757,"z":43.845272064208987},"rotation":{"x":0.041503697633743289,"y":0.3183363974094391,"z":-0.013952067121863366,"w":0.9469660520553589},"size":17.614376068115236,"orthographic":false}