{"cameraMode":{"drawMode":0,"name":"Shaded","section":"Shading Mode"},"sceneLighting":false,"audioPlay":false,"sceneViewState":{"showFog":true,"showMaterialUpdate":false,"showSkybox":true,"showFlares":true,"showImageEffects":true,"showParticleSystems":true},"in2DMode":false,"pivot":{"x":66.8442611694336,"y":-20.617591857910158,"z":-75.72631072998047},"rotation":{"x":0.038651589304208758,"y":0.9017133712768555,"z":-0.08246570825576782,"w":0.4226328134536743},"size":146.95733642578126,"orthographic":false}