{"cameraMode":{"drawMode":0,"name":"Shaded","section":"Shading Mode"},"sceneLighting":true,"audioPlay":false,"sceneViewState":{"showFog":false,"showMaterialUpdate":false,"showSkybox":false,"showFlares":false,"showImageEffects":false,"showParticleSystems":false},"in2DMode":false,"pivot":{"x":-4.64495325088501,"y":2.689851999282837,"z":4.22845458984375},"rotation":{"x":-0.003784212050959468,"y":-0.9872047901153565,"z":0.023704543709754945,"w":-0.15764062106609345},"size":3.0624303817749025,"orthographic":false}