{"cameraMode":{"drawMode":0,"name":"Shaded","section":"Shading Mode"},"sceneLighting":true,"audioPlay":false,"sceneViewState":{"showFog":true,"showMaterialUpdate":false,"showSkybox":true,"showFlares":true,"showImageEffects":true,"showParticleSystems":true},"in2DMode":false,"pivot":{"x":-4.173783779144287,"y":1.9948912858963013,"z":-37.440067291259769},"rotation":{"x":-0.0013282125582918525,"y":-0.9873960614204407,"z":0.008295537903904915,"w":-0.15804578363895417},"size":6.6046013832092289,"orthographic":false}