{"cameraMode":{"drawMode":0,"name":"Shaded","section":"Shading Mode"},"sceneLighting":false,"audioPlay":false,"sceneViewState":{"showFog":true,"showMaterialUpdate":false,"showSkybox":true,"showFlares":true,"showImageEffects":true,"showParticleSystems":true},"in2DMode":false,"pivot":{"x":-57.07151794433594,"y":7.243607997894287,"z":-47.23161315917969},"rotation":{"x":-0.0004615912330336869,"y":0.9967050552368164,"z":-0.08091108500957489,"w":-0.0056851510889828209},"size":18.24608039855957,"orthographic":false}