{"cameraMode":{"drawMode":0,"name":"Shaded","section":"Shading Mode"},"sceneLighting":false,"audioPlay":false,"sceneViewState":{"showFog":true,"showMaterialUpdate":false,"showSkybox":true,"showFlares":true,"showImageEffects":true,"showParticleSystems":true},"in2DMode":false,"pivot":{"x":39.41706848144531,"y":-1.5720679759979249,"z":-29.533611297607423},"rotation":{"x":-0.013682673685252667,"y":-0.8109739422798157,"z":0.01898038014769554,"w":-0.5846143364906311},"size":80.02074432373047,"orthographic":false}