{"cameraMode":{"drawMode":0,"name":"Shaded","section":"Shading Mode"},"sceneLighting":true,"audioPlay":false,"sceneViewState":{"showFog":true,"showMaterialUpdate":true,"showSkybox":true,"showFlares":true,"showImageEffects":true,"showParticleSystems":true},"in2DMode":false,"pivot":{"x":-5.420000076293945,"y":1.105546474456787,"z":-4.8536152839660648},"rotation":{"x":-0.02850906178355217,"y":-0.8742755055427551,"z":0.05173053219914436,"w":-0.4818231165409088},"size":4.0416579246521,"orthographic":false}