{"cameraMode":{"drawMode":0,"name":"Shaded","section":"Shading Mode"},"sceneLighting":true,"audioPlay":false,"sceneViewState":{"showFog":true,"showMaterialUpdate":true,"showSkybox":true,"showFlares":true,"showImageEffects":true,"showParticleSystems":true},"in2DMode":false,"pivot":{"x":-4.022400379180908,"y":1.52609121799469,"z":-8.817479133605957},"rotation":{"x":0.06795654445886612,"y":0.7784465551376343,"z":-0.08558225631713867,"w":0.6181250214576721},"size":0.3238239884376526,"orthographic":false}