{"cameraMode":{"drawMode":0,"name":"Shaded","section":"Shading Mode"},"sceneLighting":true,"audioPlay":false,"sceneViewState":{"showFog":true,"showMaterialUpdate":false,"showSkybox":true,"showFlares":true,"showImageEffects":true,"showParticleSystems":true},"in2DMode":false,"pivot":{"x":-5.860889434814453,"y":1.1677727699279786,"z":-9.411855697631836},"rotation":{"x":-0.0011542950524017215,"y":-0.9922170042991638,"z":0.124173603951931,"w":-0.00922448467463255},"size":3.8860294818878176,"orthographic":false}