{"cameraMode":{"drawMode":0,"name":"Shaded","section":"Shading Mode"},"sceneLighting":true,"audioPlay":false,"sceneViewState":{"showFog":true,"showMaterialUpdate":false,"showSkybox":true,"showFlares":true,"showImageEffects":true,"showParticleSystems":true},"in2DMode":false,"pivot":{"x":-6.081069469451904,"y":1.4428231716156006,"z":-9.13624382019043},"rotation":{"x":-0.000536235689651221,"y":-0.9944164752960205,"z":0.10540369153022766,"w":-0.005060251336544752},"size":6.205615997314453,"orthographic":false}