{"cameraMode":{"drawMode":0,"name":"Shaded","section":"Shading Mode"},"sceneLighting":true,"audioPlay":false,"sceneViewState":{"showFog":true,"showMaterialUpdate":true,"showSkybox":true,"showFlares":true,"showImageEffects":true,"showParticleSystems":true},"in2DMode":false,"pivot":{"x":17.32766342163086,"y":0.6641260385513306,"z":-6.328131675720215},"rotation":{"x":0.0012615296291187406,"y":0.9981740117073059,"z":-0.02246275544166565,"w":0.05605826899409294},"size":27.03087043762207,"orthographic":false}