{"cameraMode":{"drawMode":0,"name":"Shaded","section":"Shading Mode"},"sceneLighting":false,"audioPlay":false,"sceneViewState":{"showFog":false,"showMaterialUpdate":false,"showSkybox":false,"showFlares":false,"showImageEffects":false,"showParticleSystems":false},"in2DMode":false,"pivot":{"x":1.7738362550735474,"y":3.672476291656494,"z":-105.4014892578125},"rotation":{"x":0.0003149040858261287,"y":0.9990900158882141,"z":0.007493320386856794,"w":-0.041986484080553058},"size":137.6146240234375,"orthographic":false}