{"cameraMode":{"drawMode":0,"name":"Shaded","section":"Shading Mode"},"sceneLighting":false,"audioPlay":false,"sceneViewState":{"showFog":false,"showMaterialUpdate":false,"showSkybox":false,"showFlares":false,"showImageEffects":false,"showParticleSystems":false},"in2DMode":false,"pivot":{"x":-49.88869857788086,"y":3.2568140029907228,"z":8.600369453430176},"rotation":{"x":0.012392752803862095,"y":0.9756084680557251,"z":-0.05714572221040726,"w":0.21158656477928163},"size":3.0624303817749025,"orthographic":false}