{"cameraMode":{"drawMode":0,"name":"Shaded","section":"Shading Mode"},"sceneLighting":false,"audioPlay":false,"sceneViewState":{"showFog":true,"showMaterialUpdate":false,"showSkybox":true,"showFlares":true,"showImageEffects":true,"showParticleSystems":true},"in2DMode":false,"pivot":{"x":-30.647472381591798,"y":1.9056627750396729,"z":4.25563383102417},"rotation":{"x":0.06233295053243637,"y":-0.029337404295802118,"z":0.0018330434104427696,"w":0.9976224899291992},"size":46.800392150878909,"orthographic":false}