{"cameraMode":{"drawMode":0,"name":"Shaded","section":"Shading Mode"},"sceneLighting":false,"audioPlay":false,"sceneViewState":{"showFog":true,"showMaterialUpdate":false,"showSkybox":true,"showFlares":true,"showImageEffects":true,"showParticleSystems":true},"in2DMode":false,"pivot":{"x":-47.83972930908203,"y":2.1479172706604006,"z":-34.06655502319336},"rotation":{"x":-0.0038556987419724466,"y":0.9099656939506531,"z":-0.00846291147172451,"w":-0.41457924246788027},"size":2.6229794025421144,"orthographic":false}