{"cameraMode":{"drawMode":0,"name":"Shaded","section":"Shading Mode"},"sceneLighting":true,"audioPlay":false,"sceneViewState":{"showFog":true,"showMaterialUpdate":true,"showSkybox":true,"showFlares":true,"showImageEffects":true,"showParticleSystems":true},"in2DMode":false,"pivot":{"x":11.152613639831543,"y":1.1324642896652222,"z":21.445556640625},"rotation":{"x":0.05059885233640671,"y":-0.7777765989303589,"z":-0.0631377100944519,"w":-0.6233113408088684},"size":1.691864252090454,"orthographic":false}